{
  "anomalies": [
    {
      "type": "green_smoke",
      "settings": {
        "R1": 25,
        "R2": 10,
        "BD_Health": -3,
        "SD_Blood": -5,
        "SD_Shock": -2,
        "SD_Guard": 0.009999999776482582,
        "BD_Guard": 0.009999999776482582,
        "temperature_change": 1.0,
        "guards": [],
        "speed": 2.0,
        "nextPointSensivity": 1.0,
        "randomTrajectory": 1,
        "trajectoryPoints": []
      },
      "instances": [
        {
          "spawn": [12138, 140.5, 12614],
          "trajectoryPoints": [
            [12097.5, 140.5, 12611],
            [12138, 140.5, 12614],
            [12097.5, 140.5, 12611]
          ]
        }
      ]
    }
  ]
}
