{
  "anomalies": [
    {
      "type": "ice",
      "settings": {
        "R1": 20,
        "R2": 8,
        "BD_Health": -5,
        "SD_Blood": -10,
        "SD_Shock": -5,
        "SD_Guard": 0.10000000149011612,
        "BD_Guard": 0.05000000074505806,
        "temperature_change": -10.0,
        "guards": [],
        "speed": 2.4,
        "nextPointSensivity": 1.0,
        "randomTrajectory": 1,
        "trajectoryPoints": []
      },
      "instances": [
        {
          "spawn": [12170, 141, 12610],
          "trajectoryPoints": [
            [12168, 144, 12610],
            [12162, 145, 12595],
            [12173, 142, 12601]
          ]
        }
      ]
    }
  ]
}
