{
    "ConfigVersion": "1",
    "MessageNotDrink": "This well doesn't seem to work anymore! I need to repair it with a wrench, or find a natural water source...",
    "MessageRepaired": "It seems this well has already been repaired...",
    "DisableWellsByDefault": 1,
    "DamageTool": 50,
    "TimeToBreak": 1209600,
    "RepairableWells": [
        {
            "Location": [
                11193.8701171875,
                76.63813018798828,
                6573.46923828125
            ],
            "Invincible": 0,
            "Repaired": 1,
            "BreakTime": 1781048533
        },
        {
            "Location": [
                9464.361328125,
                304.45892333984377,
                8823.9375
            ],
            "Invincible": 0,
            "Repaired": 1,
            "BreakTime": 1781052867
        },
        {
            "Location": [
                4402.51220703125,
                6.935332775115967,
                2483.396484375
            ],
            "Invincible": 0,
            "Repaired": 1,
            "BreakTime": 1781129958
        }
    ]
}